round,average_reward,std_reward,min_reward,max_reward,episode_rewards
4,19.5,25.42538101976055,-10.0,57.0,41 16 57 -10 -4 4 42 56 -7 0
5,38.7,35.02870251665054,-1.0,100.0,100 81 1 29 81 41 32 -1 -1 24
6,62.1,30.23722870899382,5.0,100.0,100 53 77 5 47 80 91 89 17 62
7,75.8,15.561490931141526,53.0,100.0,53 100 89 68 59 70 95 89 61 74
8,86.9,11.04943437466371,69.0,100.0,83 100 100 69 100 87 92 82 87 69
9,94.6,6.003332407921453,79.0,100.0,95 98 89 98 94 100 99 79 96 98
10,93.5,6.216912416947821,80.0,100.0,100 100 90 96 100 92 91 88 80 98
11,92.0,12.66491215919005,56.0,100.0,100 100 89 100 89 95 96 100 95 56
12,92.8,15.138031576133008,49.0,100.0,98 100 100 100 49 94 100 100 100 87
13,92.2,7.507329751649384,77.0,100.0,88 97 89 92 96 100 83 77 100 100
14,97.4,2.727636339397171,92.0,100.0,100 97 96 99 92 100 100 100 94 96
15,96.4,5.834380858325929,83.0,100.0,91 100 100 100 100 90 100 100 100 83
16,97.2,5.617828762075256,85.0,100.0,100 100 100 100 100 87 85 100 100 100
17,95.4,7.28285658241325,76.0,100.0,100 76 100 100 93 100 100 94 91 100
18,95.6,7.08801805866774,80.0,100.0,86 100 100 100 90 80 100 100 100 100
19,87.3,28.71950556677465,3.0,100.0,100 100 100 86 100 84 100 100 100 3
20,81.1,32.35567956325442,6.0,100.0,100 99 76 100 100 100 32 98 100 6
21,95.9,5.664803615307418,82.0,100.0,100 95 100 100 100 100 90 82 94 98
22,98.3,2.5709920264364885,93.0,100.0,94 100 100 100 93 100 100 99 97 100
23,92.7,6.372597586541928,84.0,100.0,87 100 100 94 84 100 84 98 87 93
24,95.1,6.441273166075166,81.0,100.0,86 100 100 100 100 91 81 98 97 98
25,90.4,23.829393613770367,20.0,100.0,86 100 100 98 100 20 100 100 100 100
26,97.7,2.9,90.0,100.0,98 100 100 98 98 97 96 100 100 90
27,87.2,28.641927309453184,3.0,100.0,100 100 3 94 100 81 100 100 100 94
28,98.8,2.4,92.0,100.0,100 100 100 100 100 100 98 98 92 100
29,97.4,4.923413450036469,85.0,100.0,100 100 98 100 100 100 91 100 85 100
30,97.7,3.7960505792204615,88.0,100.0,88 100 94 100 99 100 100 96 100 100
31,95.0,6.985699678629192,80.0,100.0,88 100 95 80 100 100 87 100 100 100
32,97.9,4.346262762420146,87.0,100.0,100 100 87 100 100 100 92 100 100 100
33,96.7,5.9169248769948055,81.0,100.0,100 81 100 96 100 100 100 91 99 100
34,95.4,6.7111846942250075,77.0,100.0,100 94 100 95 94 77 100 100 94 100
35,97.3,4.026164427839479,87.0,100.0,100 97 98 100 93 100 87 98 100 100
36,97.2,4.4,86.0,100.0,98 94 100 100 100 100 86 100 100 94
37,97.0,5.2345009313209605,84.0,100.0,100 100 100 84 98 90 98 100 100 100
38,96.7,5.1778373863998475,83.0,100.0,100 100 98 96 100 92 83 100 98 100
39,98.4,2.009975124224178,94.0,100.0,97 100 100 100 96 100 100 94 98 99
40,89.5,25.749757280409458,13.0,100.0,92 100 90 100 100 100 100 100 100 13
41,99.4,1.2806248474865698,96.0,100.0,100 100 100 100 100 100 96 100 100 98
42,98.5,2.5787593916455256,93.0,100.0,98 100 100 100 93 100 94 100 100 100
43,96.6,5.517245689653489,84.0,100.0,88 100 98 100 84 100 100 100 100 96
44,99.4,1.8,94.0,100.0,100 100 100 100 100 94 100 100 100 100
45,91.8,21.655484293822663,27.0,100.0,98 100 100 100 95 100 98 100 100 27
46,91.6,19.037857022259622,35.0,100.0,100 100 93 98 100 100 100 96 35 94
47,98.2,2.1354156504062622,94.0,100.0,100 100 100 97 98 100 100 94 98 95
48,98.1,3.6999999999999997,88.0,100.0,100 100 100 88 100 95 100 98 100 100
49,90.3,25.87682360723588,13.0,100.0,100 100 13 100 100 100 98 92 100 100
50,99.2,1.6,96.0,100.0,100 96 100 100 100 100 100 96 100 100
51,89.0,24.971984302413777,16.0,100.0,98 95 100 100 100 100 100 16 81 100
52,94.7,7.211795892841116,79.0,100.0,94 98 79 100 100 84 100 100 100 92
53,96.4,9.25418824100742,69.0,100.0,100 100 100 69 100 100 95 100 100 100
54,99.6,0.8,98.0,100.0,100 100 100 100 100 98 98 100 100 100
55,91.5,22.59756624063751,24.0,100.0,24 100 93 100 100 98 100 100 100 100
56,84.8,30.400000000000002,24.0,100.0,100 100 100 100 100 24 100 100 100 24
57,90.7,8.820997676000147,75.0,100.0,81 81 97 85 98 93 100 97 100 75
58,98.9,2.3853720883753127,92.0,100.0,92 98 100 100 99 100 100 100 100 100
59,94.7,12.133012816279392,59.0,100.0,100 100 100 100 100 100 94 94 59 100
60,97.1,4.742362280551751,85.0,100.0,100 98 100 96 100 92 100 100 100 85
61,99.2,1.8330302779823362,94.0,100.0,100 100 100 100 100 100 100 98 100 94
62,98.7,2.1931712199461306,94.0,100.0,98 94 100 100 100 95 100 100 100 100
63,99.5,1.5,95.0,100.0,100 100 100 100 100 100 95 100 100 100
64,99.6,1.2,96.0,100.0,100 100 100 100 100 100 100 100 96 100
65,89.8,20.26721490486544,30.0,100.0,100 30 91 99 100 94 91 93 100 100
66,95.6,5.407402333838309,83.0,100.0,94 100 100 100 95 100 83 90 100 94
67,97.2,4.728636167014756,86.0,100.0,100 100 91 100 100 86 100 100 100 95
68,97.1,3.0149626863362666,92.0,100.0,100 95 100 100 95 92 100 95 94 100
69,97.2,5.325410782277738,83.0,100.0,100 100 100 100 92 83 100 97 100 100
70,97.6,4.565084884205331,85.0,100.0,100 95 100 100 100 100 96 100 85 100
71,97.3,5.967411499134277,80.0,100.0,80 100 100 100 100 100 100 100 95 98
72,97.5,5.239274758971894,84.0,100.0,100 100 100 100 100 100 100 100 84 91
73,97.0,4.604345773288535,85.0,100.0,100 95 100 100 96 100 100 100 85 94
74,98.9,2.211334438749598,94.0,100.0,100 95 100 94 100 100 100 100 100 100
75,98.0,4.219004621945797,87.0,100.0,100 100 100 87 100 100 100 93 100 100
76,98.4,3.32264954516723,90.0,100.0,100 100 100 100 90 100 100 100 100 94
77,99.4,1.0198039027185568,97.0,100.0,100 99 100 100 98 100 100 97 100 100
78,99.2,1.8330302779823362,94.0,100.0,100 94 100 98 100 100 100 100 100 100
79,96.5,5.643580423808985,84.0,100.0,100 100 100 84 100 100 92 100 100 89
80,95.8,4.749736834815167,85.0,100.0,94 100 90 97 85 96 100 96 100 100
81,88.1,22.169573744210783,24.0,100.0,99 100 100 95 100 87 100 24 94 82
82,88.8,24.68926892396776,17.0,100.0,100 100 100 100 90 100 100 81 17 100
83,99.8,0.6,98.0,100.0,100 100 100 98 100 100 100 100 100 100
84,96.8,7.12460525222275,77.0,100.0,100 100 100 91 100 77 100 100 100 100
85,97.6,4.363484845854285,86.0,100.0,100 96 100 100 100 94 86 100 100 100
86,98.3,2.238302928559939,94.0,100.0,100 97 100 100 95 100 97 100 100 94
87,99.8,0.6,98.0,100.0,100 100 100 100 100 100 100 100 98 100
88,95.8,7.678541528180986,80.0,100.0,99 100 100 100 100 98 100 80 100 81
89,83.0,31.578473680657844,16.0,100.0,99 16 97 24 100 98 100 100 100 96
90,90.1,23.287120904053385,21.0,100.0,100 100 100 100 96 100 89 21 95 100
91,96.9,6.579513659838392,78.0,100.0,97 94 100 78 100 100 100 100 100 100
92,95.6,7.323933369440222,79.0,100.0,92 79 85 100 100 100 100 100 100 100
93,97.3,5.728001396647874,81.0,100.0,100 100 100 98 94 100 100 100 100 81
94,94.2,6.554387843269576,80.0,100.0,80 100 100 96 98 89 100 95 98 86
95,99.1,1.8138357147217055,94.0,100.0,100 99 100 98 100 100 94 100 100 100
96,89.6,27.583328298086148,7.0,100.0,96 100 97 100 100 100 96 100 100 7
97,91.4,25.8,14.0,100.0,100 100 100 100 100 100 100 100 100 14
98,98.8,3.6,88.0,100.0,100 100 100 100 100 100 100 88 100 100
99,96.9,4.182104733265296,89.0,100.0,100 92 100 100 100 98 89 91 100 99
100,97.0,6.841052550594828,77.0,100.0,98 100 100 77 100 100 100 100 100 95
101,99.1,1.445683229480096,96.0,100.0,100 97 100 100 100 100 100 96 98 100
102,98.1,3.3600595232822887,91.0,100.0,98 100 92 100 100 91 100 100 100 100
103,91.6,24.86845391253747,17.0,100.0,99 17 100 100 100 100 100 100 100 100
104,99.3,1.4177446878757824,96.0,100.0,100 100 100 100 100 100 97 100 100 96
105,99.4,1.2,97.0,100.0,100 97 100 100 97 100 100 100 100 100
106,92.3,10.517128885774861,67.0,100.0,79 100 96 100 89 96 100 67 96 100
107,99.5,1.02469507659596,97.0,100.0,100 100 100 98 100 100 97 100 100 100
108,98.4,2.764054992217051,93.0,100.0,100 100 100 100 100 93 93 98 100 100
109,91.0,23.426480742954116,21.0,100.0,100 100 98 100 21 98 100 100 93 100
110,99.1,2.7,91.0,100.0,100 91 100 100 100 100 100 100 100 100
111,95.7,5.177837386399847,88.0,100.0,88 96 98 88 100 100 88 100 99 100
112,98.7,1.7916472867168918,95.0,100.0,100 100 98 95 100 100 100 96 100 98
113,99.0,2.04939015319192,94.0,100.0,100 100 94 100 100 96 100 100 100 100
114,96.4,4.317406628984581,86.0,100.0,100 86 100 97 100 93 99 100 94 95
115,97.3,4.148493702538308,86.0,100.0,100 96 100 86 100 98 98 95 100 100
116,98.5,3.383784863137726,89.0,100.0,100 96 100 89 100 100 100 100 100 100
117,99.6,1.2,96.0,100.0,100 100 100 100 100 96 100 100 100 100
118,96.8,3.5721142198983507,90.0,100.0,100 96 100 93 100 100 96 100 90 93
119,97.2,5.325410782277739,83.0,100.0,100 100 83 100 100 100 100 100 97 92
120,97.9,2.7,93.0,100.0,100 100 94 100 100 100 96 93 96 100
121,90.8,25.976142900746446,13.0,100.0,95 100 100 100 100 100 100 100 13 100
122,97.5,3.905124837953327,89.0,100.0,100 91 100 98 100 89 100 100 97 100
123,97.0,2.8635642126552705,92.0,100.0,100 94 96 98 96 100 92 94 100 100
124,96.4,4.31740662898458,87.0,100.0,100 100 100 100 87 94 95 99 91 98
125,98.7,2.685144316419511,91.0,100.0,98 91 100 98 100 100 100 100 100 100
126,96.0,5.385164807134504,86.0,100.0,93 100 87 100 86 100 94 100 100 100
127,99.8,0.6,98.0,100.0,100 100 100 100 100 100 100 100 100 98
128,98.6,3.5832945734337835,88.0,100.0,100 100 100 98 100 100 88 100 100 100
129,98.9,2.211334438749598,94.0,100.0,94 100 100 100 100 95 100 100 100 100
130,98.9,1.8138357147217055,95.0,100.0,100 100 100 100 98 95 100 96 100 100
131,88.0,26.180145148566307,11.0,100.0,92 100 96 98 100 100 100 83 100 11
132,98.0,2.932575659723036,91.0,100.0,91 96 100 100 100 100 100 98 95 100
133,95.5,6.2809234989768825,82.0,100.0,82 96 96 100 85 100 100 100 96 100
134,99.3,1.5524174696260025,95.0,100.0,98 100 100 100 100 100 95 100 100 100
135,97.1,3.269556544854363,89.0,100.0,100 100 100 97 89 96 100 95 98 96
136,96.7,4.670117771534247,87.0,100.0,100 100 97 87 100 100 100 90 100 93
137,99.2,1.8330302779823362,94.0,100.0,100 100 100 100 94 100 100 98 100 100
138,97.6,5.589275444992849,81.0,100.0,81 100 100 99 100 100 98 98 100 100
139,98.4,2.8354893757515653,91.0,100.0,96 100 100 97 100 100 100 91 100 100
140,97.9,4.109744517606903,86.0,100.0,98 100 100 100 100 100 86 98 100 97
141,97.0,4.604345773288535,84.0,100.0,96 96 98 97 100 100 100 84 99 100
142,89.3,29.529815441346734,1.0,100.0,100 100 1 100 100 100 100 100 100 92
143,97.9,2.5865034312755126,92.0,100.0,100 98 95 100 100 97 100 92 100 97
144,98.3,3.8742741255621036,87.0,100.0,100 100 100 100 87 97 99 100 100 100
145,98.9,2.467792535850613,92.0,100.0,100 100 100 100 97 100 100 92 100 100
146,97.6,3.7469987990390385,90.0,100.0,100 100 100 93 100 100 90 100 93 100
147,96.7,6.034069936618236,82.0,100.0,98 100 100 100 82 100 99 100 100 88
148,91.1,21.54274819980032,27.0,100.0,100 100 100 92 98 100 94 100 27 100
149,96.8,5.582114294781145,82.0,100.0,100 100 82 99 100 100 95 92 100 100
150,98.3,2.685144316419511,93.0,100.0,100 100 100 93 100 100 100 94 96 100
151,98.4,2.7640549922170505,93.0,100.0,93 100 98 100 100 100 100 100 100 93
152,98.3,3.1000000000000005,90.0,100.0,100 100 100 97 100 90 96 100 100 100
153,98.5,2.0615528128088303,94.0,100.0,100 100 100 96 98 94 97 100 100 100
154,95.7,6.812488532100439,80.0,100.0,96 100 100 80 100 100 98 100 85 98
155,99.3,1.5524174696260025,95.0,100.0,100 95 100 100 100 100 98 100 100 100
156,98.1,2.9137604568666933,90.0,100.0,98 90 100 100 98 98 100 97 100 100
157,96.2,5.546169849544819,84.0,100.0,100 88 94 96 100 84 100 100 100 100
158,93.0,7.483314773547883,77.0,100.0,100 77 88 94 100 100 90 96 100 85
159,90.5,24.35261792908516,18.0,100.0,18 97 100 100 100 100 100 90 100 100
160,88.5,24.711333432253305,16.0,100.0,100 16 100 84 91 100 100 94 100 100
161,99.3,1.5524174696260025,95.0,100.0,100 98 100 100 100 100 100 100 100 95
162,94.6,6.036555309114628,81.0,100.0,96 94 81 93 100 100 87 100 95 100
163,98.7,2.685144316419511,91.0,100.0,100 91 100 100 100 100 100 100 98 98
164,97.5,4.364630568559039,86.0,100.0,100 100 100 100 100 98 93 86 100 98
165,97.8,4.770744176750625,84.0,100.0,100 100 96 98 100 100 84 100 100 100
166,98.7,2.8301943396169813,91.0,100.0,100 100 100 100 100 100 96 100 91 100
167,89.5,25.93549691060497,13.0,100.0,100 100 98 100 100 13 100 100 84 100
168,98.8,1.8330302779823362,94.0,100.0,100 100 94 98 98 100 98 100 100 100
169,94.7,9.055937278934742,72.0,100.0,100 100 100 100 100 89 72 86 100 100
170,98.7,2.8301943396169813,91.0,100.0,91 96 100 100 100 100 100 100 100 100
171,98.7,2.238302928559939,93.0,100.0,96 100 99 100 100 100 99 100 100 93
172,98.7,2.8301943396169813,91.0,100.0,100 100 100 96 100 100 91 100 100 100
173,90.5,24.57742866941129,17.0,100.0,100 100 100 97 97 100 100 17 100 94
174,98.7,1.676305461424021,96.0,100.0,96 97 100 96 100 100 100 100 100 98
175,97.7,4.148493702538308,86.0,100.0,100 100 100 100 86 97 96 100 100 98
176,90.8,20.063897926375123,32.0,100.0,100 94 100 100 86 100 96 100 100 32
177,99.1,1.445683229480096,96.0,100.0,100 100 100 96 100 98 100 100 97 100
178,97.6,3.0724582991474434,92.0,100.0,100 100 98 92 100 96 100 92 98 100
179,92.0,22.07260745811423,26.0,100.0,26 100 94 100 100 100 100 100 100 100
180,92.8,20.301724064719235,32.0,100.0,100 100 100 100 100 100 100 100 96 32
181,97.5,2.7658633371878665,92.0,100.0,100 96 95 97 100 100 95 92 100 100
182,97.5,4.4777226354476225,85.0,100.0,100 100 95 97 100 100 100 100 85 98
183,93.9,5.539855593785816,83.0,100.0,95 100 88 91 100 90 94 98 83 100
184,89.0,21.97271034715563,25.0,100.0,100 98 25 98 100 96 90 100 100 83
185,97.6,4.565084884205331,88.0,100.0,89 100 100 99 100 88 100 100 100 100
186,94.9,7.7,75.0,100.0,75 100 98 100 88 100 100 96 100 92
187,90.0,29.339393313427596,2.0,100.0,100 100 100 100 100 100 100 2 100 98
188,97.2,2.85657137141714,92.0,100.0,96 94 100 92 100 98 100 98 100 94
189,98.7,2.5317977802344322,92.0,100.0,100 96 100 100 100 100 100 99 92 100
190,99.3,1.2688577540449522,96.0,100.0,100 100 100 100 100 100 99 100 96 98
191,99.1,1.445683229480096,96.0,100.0,100 100 100 96 98 100 97 100 100 100
192,98.9,2.3,93.0,100.0,100 100 100 100 100 100 96 93 100 100
193,98.9,2.467792535850613,92.0,100.0,100 100 100 92 100 100 97 100 100 100
194,97.9,3.0805843601498726,91.0,100.0,98 100 91 100 99 100 100 100 98 93
195,94.0,10.73312629199899,66.0,100.0,100 90 100 100 84 100 100 100 66 100
196,98.5,2.7658633371878665,93.0,100.0,100 100 100 93 99 100 100 100 100 93
197,97.5,3.8275318418009276,87.0,100.0,100 100 96 100 96 100 98 100 87 98
198,100.0,0.0,100.0,100.0,100 100 100 100 100 100 100 100 100 100
199,99.0,1.6733200530681511,95.0,100.0,100 98 100 100 100 95 100 100 100 97
200,96.0,8.390470785361213,72.0,100.0,100 100 100 92 72 96 100 100 100 100
201,97.0,7.402702209328699,75.0,100.0,75 100 100 100 100 100 98 100 100 97
202,97.6,4.152107898405339,86.0,100.0,100 97 97 100 100 100 100 86 96 100
203,96.7,4.148493702538308,88.0,100.0,88 100 100 100 100 94 96 100 91 98
204,96.7,7.457211275000863,75.0,100.0,75 100 100 98 100 100 100 100 94 100
205,96.1,5.974110812497538,83.0,100.0,86 100 83 100 98 100 96 100 100 98
206,97.6,3.903844259188627,89.0,100.0,100 95 92 100 100 100 100 89 100 100
207,98.5,1.9621416870348585,95.0,100.0,100 95 98 96 100 96 100 100 100 100
208,89.8,25.81782330096788,13.0,100.0,13 100 100 100 100 100 89 100 96 100
209,97.3,4.627094120503711,85.0,100.0,85 100 100 100 93 100 100 98 97 100
210,97.5,5.044799302251775,86.0,100.0,89 100 100 86 100 100 100 100 100 100
211,97.5,2.5,93.0,100.0,93 100 96 96 98 94 100 100 98 100
212,92.7,18.63357185297548,37.0,100.0,100 100 96 37 98 100 96 100 100 100
213,96.0,6.767569726275452,80.0,100.0,100 100 100 87 100 100 80 100 93 100
214,98.9,2.3,93.0,100.0,100 100 93 100 100 100 96 100 100 100
215,98.8,2.6758176320519307,91.0,100.0,100 100 98 100 100 100 100 91 99 100
216,99.2,1.8330302779823362,94.0,100.0,100 94 100 100 100 100 98 100 100 100
217,97.0,3.255764119219941,90.0,100.0,100 100 95 97 97 98 100 90 93 100
218,99.8,0.6,98.0,100.0,100 100 100 100 98 100 100 100 100 100
219,99.6,0.8,98.0,100.0,100 98 100 98 100 100 100 100 100 100
220,98.0,2.9664793948382653,90.0,100.0,100 96 100 100 98 98 100 90 98 100
221,97.2,3.3406586176980135,92.0,100.0,100 92 100 98 100 97 100 93 100 92
222,96.7,7.128113354878694,76.0,100.0,100 100 100 100 100 100 96 100 76 95
223,97.0,4.69041575982343,85.0,100.0,100 100 100 99 92 96 100 98 100 85
224,96.8,4.578209256903839,88.0,100.0,100 100 100 92 100 100 100 90 98 88
225,97.3,3.606937759374287,91.0,100.0,100 100 98 91 100 99 100 100 94 91
226,99.5,1.5,95.0,100.0,95 100 100 100 100 100 100 100 100 100
227,96.2,5.173006862551025,84.0,100.0,100 91 100 100 84 99 93 100 95 100
228,99.4,1.2806248474865698,96.0,100.0,100 100 100 96 100 98 100 100 100 100
229,97.5,6.5612498809297,78.0,100.0,100 100 100 100 100 100 97 100 100 78
230,88.1,26.23909297212844,11.0,100.0,100 100 98 94 11 100 96 100 100 82
231,92.1,19.841622917493417,33.0,100.0,100 100 100 100 100 100 94 100 33 94
232,98.5,4.5,85.0,100.0,100 100 100 85 100 100 100 100 100 100
233,99.6,1.2,96.0,100.0,100 100 100 100 100 100 100 100 100 96
234,96.9,4.928488612140643,87.0,100.0,100 100 100 100 89 100 100 93 87 100
235,98.4,1.8,95.0,100.0,97 98 98 100 95 100 100 100 100 96
236,99.4,1.8,94.0,100.0,94 100 100 100 100 100 100 100 100 100
237,99.2,1.5999999999999999,96.0,100.0,100 100 100 100 96 100 100 100 100 96
238,98.4,3.5832945734337835,88.0,100.0,100 100 100 88 97 99 100 100 100 100
239,99.1,2.7,91.0,100.0,100 100 100 100 100 91 100 100 100 100
240,96.6,3.3823069050575523,90.0,100.0,94 98 100 90 96 93 100 95 100 100
241,98.9,2.118962010041709,93.0,100.0,100 100 98 100 98 100 93 100 100 100
242,89.2,28.120455188349993,5.0,100.0,96 100 95 98 100 100 100 98 5 100
243,98.7,1.9000000000000001,94.0,100.0,100 94 97 100 100 100 100 98 100 98
244,97.9,2.118962010041709,94.0,100.0,100 96 100 98 98 95 94 100 98 100
245,99.0,1.6733200530681511,95.0,100.0,100 95 100 98 100 100 100 97 100 100
246,96.7,6.229767250869008,79.0,100.0,100 100 98 94 79 96 100 100 100 100
247,82.1,31.674753353420133,18.0,100.0,100 100 96 100 100 91 96 100 18 20
248,99.4,1.4966629547095762,95.0,100.0,95 100 100 100 100 99 100 100 100 100
249,98.2,2.6,92.0,100.0,100 100 96 100 100 100 100 98 96 92
250,96.6,4.386342439892261,90.0,100.0,90 98 100 100 100 100 90 90 98 100
251,97.5,3.6945906403822333,89.0,100.0,100 100 100 98 100 99 92 97 100 89
252,81.8,34.970844999799475,9.0,100.0,100 100 100 100 100 9 100 94 100 15
253,97.2,4.28485705712571,87.0,100.0,100 87 98 95 92 100 100 100 100 100
254,89.4,21.818340908510894,25.0,100.0,91 97 100 88 100 100 96 100 97 25
255,97.4,2.8354893757515653,91.0,100.0,100 94 100 100 97 91 97 97 98 100
256,98.4,4.152107898405339,86.0,100.0,86 99 100 100 100 100 99 100 100 100
257,99.5,1.5,95.0,100.0,100 100 100 100 100 100 100 100 95 100
258,98.4,2.6153393661244038,92.0,100.0,98 100 100 100 100 92 99 100 95 100
259,99.3,2.0999999999999996,93.0,100.0,100 100 100 100 93 100 100 100 100 100
260,97.8,5.4,82.0,100.0,100 82 100 100 100 100 100 100 96 100
261,97.4,3.5552777669262356,90.0,100.0,93 100 100 100 90 97 100 100 100 94
262,97.6,3.8000000000000003,87.0,100.0,87 100 96 98 100 100 98 100 100 97
263,99.0,1.61245154965971,96.0,100.0,100 96 100 100 98 100 100 96 100 100
264,98.7,2.0024984394500787,95.0,100.0,100 100 100 100 100 100 100 96 95 96
265,97.1,5.906775770248943,83.0,100.0,100 100 83 100 88 100 100 100 100 100
266,98.2,3.919183588453085,87.0,100.0,100 100 100 100 99 100 87 96 100 100
267,99.1,1.5779733838059498,95.0,100.0,100 100 100 100 98 95 98 100 100 100
268,99.6,1.2,96.0,100.0,100 100 100 100 100 100 96 100 100 100
269,99.6,0.9165151389911679,97.0,100.0,100 100 100 100 97 100 99 100 100 100
270,97.4,3.2619012860600183,91.0,100.0,100 92 98 96 91 97 100 100 100 100
271,89.5,25.326863208853954,14.0,100.0,14 100 100 98 93 98 100 92 100 100
272,97.8,3.487119154832539,88.0,100.0,97 100 100 98 97 88 100 100 100 98
273,97.2,5.878775382679627,80.0,100.0,98 100 100 100 96 80 100 98 100 100
274,75.6,33.166850920761235,11.0,100.0,30 100 100 11 94 100 37 100 92 92
275,97.9,2.808914381037628,93.0,100.0,97 100 100 100 96 93 93 100 100 100
276,96.3,5.848931526355904,82.0,100.0,97 89 100 100 100 100 100 95 100 82
277,98.8,2.4,92.0,100.0,100 100 92 98 100 100 100 100 98 100
278,95.8,6.305553108173779,82.0,100.0,100 100 98 96 82 99 100 98 85 100
279,98.4,2.2891046284519194,93.0,100.0,100 93 96 100 100 97 100 100 98 100
280,98.3,2.609597670139978,94.0,100.0,100 100 95 94 100 94 100 100 100 100
281,87.7,26.67976761517986,9.0,100.0,98 100 98 99 9 100 98 100 91 84
282,97.6,3.3226495451672298,90.0,100.0,100 94 100 96 100 100 100 100 96 90
283,98.7,2.8301943396169813,91.0,100.0,91 96 100 100 100 100 100 100 100 100
284,91.2,26.400000000000002,12.0,100.0,100 100 100 100 100 100 100 100 100 12
285,100.0,0.0,100.0,100.0,100 100 100 100 100 100 100 100 100 100
286,98.4,2.9393876913398143,90.0,100.0,100 100 100 98 98 100 98 100 90 100
287,98.2,4.770744176750625,84.0,100.0,100 100 100 84 98 100 100 100 100 100
288,89.2,24.656844891429238,16.0,100.0,100 100 93 100 96 89 16 100 98 100
289,98.9,1.9209372712298545,94.0,100.0,100 97 94 100 100 100 100 100 98 100
290,91.4,22.55304857441672,24.0,100.0,100 24 100 100 100 100 95 100 100 95
291,100.0,0.0,100.0,100.0,100 100 100 100 100 100 100 100 100 100
292,96.5,4.153311931459037,89.0,100.0,100 97 90 89 100 100 100 100 93 96
293,96.4,4.029888335921977,90.0,100.0,98 90 100 95 100 91 100 99 91 100
294,99.2,1.8330302779823362,94.0,100.0,100 100 100 100 94 98 100 100 100 100
295,95.0,6.899275324264136,78.0,100.0,100 95 100 78 100 92 100 88 100 97
296,97.4,3.6110940170535577,88.0,100.0,99 98 88 94 97 98 100 100 100 100
297,98.4,4.8,84.0,100.0,100 100 100 100 100 100 84 100 100 100
298,89.0,25.475478405713993,13.0,100.0,13 100 98 100 100 95 100 93 93 98
299,97.4,3.352610922848042,91.0,100.0,95 100 100 100 91 95 93 100 100 100
300,91.6,18.73606148580859,36.0,100.0,100 100 100 100 100 36 92 96 94 98
301,97.6,4.1521078984053394,87.0,100.0,100 94 100 100 100 100 87 100 95 100
302,100.0,0.0,100.0,100.0,100 100 100 100 100 100 100 100 100 100
303,88.9,20.235859260234047,31.0,100.0,80 99 96 100 93 100 90 31 100 100
304,94.7,6.435060217278468,82.0,100.0,100 100 96 97 98 98 83 82 100 93
305,98.3,2.758622844826744,91.0,100.0,100 100 100 96 100 98 100 98 100 91
306,93.5,10.131633629380802,67.0,100.0,100 98 100 67 86 88 100 100 96 100
307,98.2,2.993325909419153,91.0,100.0,100 100 100 100 91 95 96 100 100 100
308,97.7,3.407345007480165,89.0,100.0,100 100 100 96 96 100 100 89 96 100
309,89.1,26.64751395533925,10.0,100.0,100 96 87 10 100 100 100 98 100 100
310,89.7,25.70233452431899,13.0,100.0,98 100 91 13 100 97 98 100 100 100
311,100.0,0.0,100.0,100.0,100 100 100 100 100 100 100 100 100 100
312,99.2,1.2489995996796797,97.0,100.0,97 100 100 100 97 100 100 100 100 98
313,96.5,4.716990566028302,88.0,100.0,98 88 100 93 98 100 100 100 100 88
314,97.7,3.3181320046074116,92.0,100.0,100 93 92 100 100 100 100 100 93 99
315,87.5,24.005207768315607,17.0,100.0,90 98 100 86 100 100 94 17 90 100
316,96.0,7.307530362578044,75.0,100.0,94 75 98 95 100 100 100 100 98 100
317,98.8,2.4,94.0,100.0,100 94 100 100 100 100 100 94 100 100
318,90.3,24.645689278249044,17.0,100.0,98 100 100 17 100 100 100 100 99 89
319,99.4,1.2806248474865698,96.0,100.0,100 100 100 100 100 100 100 100 96 98
320,98.4,3.4698703145794947,89.0,100.0,95 100 100 100 100 100 100 100 100 89
321,96.1,6.992138442565336,78.0,100.0,88 100 97 100 100 100 100 100 78 98
322,98.0,4.1952353926806065,86.0,100.0,86 100 100 100 98 96 100 100 100 100
323,90.8,24.156986567036874,19.0,100.0,100 100 100 100 100 100 19 100 89 100
324,97.6,2.8354893757515653,92.0,100.0,94 92 97 100 95 100 98 100 100 100
325,98.9,1.5779733838059498,95.0,100.0,98 100 100 100 98 95 100 98 100 100
326,96.6,4.586937976471886,88.0,100.0,100 100 100 100 95 89 94 100 100 88
327,100.0,0.0,100.0,100.0,100 100 100 100 100 100 100 100 100 100
328,97.8,3.6551333764994136,88.0,100.0,100 100 97 100 98 100 88 100 100 95
329,98.4,1.9595917942265424,96.0,100.0,96 100 100 100 100 100 96 100 96 96
330,97.1,3.144837038703278,91.0,100.0,100 99 96 100 91 98 92 100 99 96
331,99.7,0.9,97.0,100.0,100 100 100 100 100 100 100 100 100 97
332,99.0,2.4083189157584592,92.0,100.0,100 100 100 98 100 100 100 100 92 100
333,97.8,4.044749683231337,88.0,100.0,100 100 98 92 100 100 100 88 100 100
334,90.9,22.137976420621644,25.0,100.0,100 100 25 100 94 98 100 100 92 100
335,97.9,4.2059481689626175,89.0,100.0,90 100 100 100 100 89 100 100 100 100
336,99.1,1.3,96.0,100.0,98 100 96 100 100 99 100 100 100 98
337,91.7,22.636474990598693,24.0,100.0,100 99 100 94 100 100 100 24 100 100
